<?xml version="1.0" encoding="UTF-8" ?>
<!DOCTYPE mapper PUBLIC "-//mybatis.org//DTD Mapper 3.0//EN" "http://mybatis.org/dtd/mybatis-3-mapper.dtd">
<mapper namespace="com.mooc.house.biz.mapper.AgencyMapper">

  <sql id="agencyField">
          id ,
		  name,
		  address,
		  phone,
		  email,
		  about_us,
		  mobile,
		  web_site
   </sql>
    
   <select id="select" resultType="agency">
      select <include refid="agencyField"/>
      from   agency
      <where>
         <if test="id != null and id != 0">
             and id = #{id}
         </if>
         <if test="name != null and name !='' ">
             and email = #{email}  
         </if>
      </where>
    </select>
    
    <insert id="insert">
      insert into agency(
				        name ,
				        address ,
				        phone ,
				        email ,
				        about_us ,
				        mobile ,
				        web_site)
                  value(
                       #{name},
                       #{address},
                       #{phone},
                       #{email},
                       #{aboutUs},
                       #{mobile},
                       #{webSite}
                  )
      
    
    </insert>
    
     <sql id="agentField">
      id,
      name,
      phone,
      email,
      aboutme,
      passwd,
      avatar,
      type,
      create_time,
      enable,
      agency_id
   </sql>
    <select id="selectAgent" resultType="user" >
     select * from user
     <where>
       enable = 1 and type = 2
       <if test="user.id != null and user.id != 0">
          and id = #{user.id}
       </if>
       <if test="user.name !=null and user.name != ''">
          and email = #{user.email}
       </if>     
     </where>
     order by id desc
     <if test='pageParams.offset != null and pageParams.limit != null'>
            limit #{pageParams.offset}, #{pageParams.limit}
       </if>
       <if test='pageParams.offset == null and pageParams.limit != null'>
            limit #{pageParams.limit}
       </if>
    </select>
    
    <select id="selectAgentCount" resultType="long">
     select count(id)
     from user
     <where>
       enable =1 and type =2
       <if test ="user.id != null and user.id !=0">
           and id = #{user.id}
       </if>
       <if test="user.name !=null and user.name != ''">
         and email = #{user.email}
       </if>
     </where>
    </select>
   

</mapper> 